{"cameraMode":{"drawMode":0,"name":"Shaded","section":"Shading Mode"},"sceneLighting":false,"audioPlay":false,"sceneViewState":{"m_AlwaysRefresh":false,"showFog":true,"showSkybox":false,"showFlares":true,"showImageEffects":true,"showParticleSystems":true,"showVisualEffectGraphs":true,"m_FxEnabled":false},"in2DMode":false,"pivot":{"x":50.00006103515625,"y":98.41951751708985,"z":0.00002288818359375},"rotation":{"x":-0.04176540672779083,"y":0.7206417918205261,"z":-0.04347698763012886,"w":-0.6910178661346436},"size":145.97959899902345,"orthographic":true}